tfidf_svm,tfidf_xgb,bert_svm,bert_xgb
TF-IDF + SVM,TF-IDF + XGBoost,BERT + SVM,BERT + XGBoost
"{'mean_ms': np.float64(0.14096699975198135), 'std_ms': np.float64(0.015686484594725533), 'min_ms': np.float64(0.11799999629147351), 'max_ms': np.float64(0.21729999571107328), 'p50_ms': np.float64(0.13905000014347024), 'p95_ms': np.float64(0.16805999803182203), 'p99_ms': np.float64(0.19264900249254438)}","{'mean_ms': np.float64(0.3734939996502362), 'std_ms': np.float64(0.046571226931608006), 'min_ms': np.float64(0.3364000003784895), 'max_ms': np.float64(0.7525999972131103), 'p50_ms': np.float64(0.3661500013549812), 'p95_ms': np.float64(0.4153050042077666), 'p99_ms': np.float64(0.4811420047190054)}","{'mean_ms': np.float64(0.15733400010503829), 'std_ms': np.float64(0.007197780731141752), 'min_ms': np.float64(0.15130000247154385), 'max_ms': np.float64(0.19150000298395753), 'p50_ms': np.float64(0.15434999659191817), 'p95_ms': np.float64(0.1709949989162851), 'p99_ms': np.float64(0.1815999996324536)}","{'mean_ms': np.float64(0.38825600015115924), 'std_ms': np.float64(0.052184362442746136), 'min_ms': np.float64(0.3571999986888841), 'max_ms': np.float64(0.8908000017981976), 'p50_ms': np.float64(0.3815000018221326), 'p95_ms': np.float64(0.4114100036531454), 'p99_ms': np.float64(0.4440129996510246)}"
"{'mean_s': np.float64(0.038483419999829495), 'std_s': np.float64(0.020038092901217306), 'min_s': np.float64(0.0283179999969434), 'max_s': np.float64(0.07855839999683667)}","{'mean_s': np.float64(0.06112806000019191), 'std_s': np.float64(0.023595733167911626), 'min_s': np.float64(0.04878959999768995), 'max_s': np.float64(0.10831049999978859)}","{'mean_s': np.float64(0.6171824200006085), 'std_s': np.float64(1.1517195068097865), 'min_s': np.float64(0.04037329999846406), 'max_s': np.float64(2.920621099998243)}","{'mean_s': np.float64(0.5479678600007901), 'std_s': np.float64(0.9920234295867), 'min_s': np.float64(0.05107299999508541), 'max_s': np.float64(2.5320142000055057)}"
0.18237590789794922,0.4886627197265625,0.8753232955932617,0.42842960357666016
