Model,Mean F1-Macro,Std F1-Macro,CV Time (s),N Folds
TF-IDF + SVM,0.9682035027236265,0.0204426324684659,0.15114212036132812,5
TF-IDF + XGBoost,0.8674789380439535,0.05335439322662782,2.0182912349700928,5
BERT + SVM,0.9917599428435342,0.01011146262582116,0.07673931121826172,5
BERT + XGBoost,0.9644723611441879,0.019303768713713552,14.170168399810791,5
