Model,Mean F1-Macro,Std F1-Macro,CV Time (s),N Folds
TF-IDF + SVM,0.9679971043748135,0.020511173474180265,0.15020537376403809,5
TF-IDF + XGBoost,0.8477928260822999,0.035989868699728714,2.533146619796753,5
BERT + SVM,0.9880562391398305,0.016000559993561772,0.0557246208190918,5
BERT + XGBoost,0.9277174018505289,0.027434504148983123,9.091089963912964,5
