Model,F1-Optimized,F1-Default,Improvement,Improvement %
TF-IDF + SVM,0.9682035027236265,0.9679971043748135,0.00020639834881308605,0.02
TF-IDF + XGBoost,0.8674789380439535,0.8477928260822999,0.019686111961653596,2.32
BERT + SVM,0.9917599428435342,0.9880562391398305,0.0037037037037036535,0.37
BERT + XGBoost,0.9644723611441879,0.9277174018505289,0.03675495929365902,3.96
