Class,TFIDF+SVM,TFIDF+XGB,BERT+SVM,BERT+XGB
0,0.9523809523809523,0.5333333333333333,1.0,0.9523809523809523
1,0.9523809523809523,0.8,1.0,0.9
2,1.0,0.8,1.0,1.0
3,1.0,0.9090909090909091,1.0,1.0
4,0.96,0.5454545454545454,1.0,1.0
5,0.9411764705882353,0.6363636363636364,1.0,0.9473684210526315
