Class,Category,TFIDF+SVM,TFIDF+XGB,BERT+SVM,BERT+XGB
0,Economia,0.9523809523809524,0.5333333333333333,1.0,0.9523809523809524
1,Esportes,0.9523809523809524,0.8,1.0,0.9
2,Polícia e Direitos,1.0,0.8,1.0,1.0
3,Política,1.0,0.9090909090909092,1.0,1.0
4,Turismo,0.96,0.5454545454545454,1.0,1.0
5,Variedades e Sociedade,0.9411764705882352,0.6363636363636364,1.0,0.9473684210526316
